<?xml version="1.0" encoding="UTF-8"?>

<categories>
  <category name="HTML" technology="HTML" active="true" weight="1.0">
    <description><![CDATA[HTML]]></description>
    <children>
      <category name="OPT.CRITERIUM_VALUE.CQM.RELIABILITY" technology="HTML" active="true" weight="10.0">
        <description><![CDATA[Fiabilidad]]></description>
      </category>
      <category name="OPT.CRITERIUM_VALUE.CQM.MAINTAINABILITY" technology="HTML" active="true" weight="10.0">
        <description><![CDATA[Mantenibilidad]]></description>
      </category>
      <category name="OPT.CRITERIUM_VALUE.CQM.PORTABILITY" technology="HTML" active="true" weight="5.0">
        <description><![CDATA[Portabilidad]]></description>
      </category>
      <category name="OPT.CRITERIUM_VALUE.CQM.SECURITY" technology="HTML" active="true" weight="4.0">
        <description><![CDATA[Seguridad]]></description>
      </category>
      <category name="OPT.CRITERIUM_VALUE.CQM.EFFICIENCY" technology="HTML" active="true" weight="8.0">
        <description><![CDATA[Eficiencia]]></description>
      </category>
    </children>
  </category>
  <category name="SCALA" technology="SCALA" active="true" weight="1.0">
    <description><![CDATA[SCALA]]></description>
    <children>
      <category name="OPT.CRITERIUM_VALUE.CQM.RELIABILITY" technology="SCALA" active="true" weight="10.0">
        <description><![CDATA[Fiabilidad]]></description>
      </category>
      <category name="OPT.CRITERIUM_VALUE.CQM.MAINTAINABILITY" technology="SCALA" active="true" weight="10.0">
        <description><![CDATA[Mantenibilidad]]></description>
      </category>
      <category name="OPT.CRITERIUM_VALUE.CQM.EFFICIENCY" technology="SCALA" active="true" weight="8.0">
        <description><![CDATA[Eficiencia]]></description>
      </category>
      <category name="OPT.CRITERIUM_VALUE.CQM.SECURITY" technology="SCALA" active="true" weight="4.0">
        <description><![CDATA[Seguridad]]></description>
      </category>
      <category name="OPT.CRITERIUM_VALUE.CQM.PORTABILITY" technology="SCALA" active="true" weight="5.0">
        <description><![CDATA[Portabilidad]]></description>
      </category>
    </children>
  </category>
  <category name="SQL" technology="SQL" active="true" weight="1.0">
    <description><![CDATA[SQL]]></description>
    <children>
      <category name="OPT.CRITERIUM_VALUE.CQM.RELIABILITY" technology="SQL" active="true" weight="10.0">
        <description><![CDATA[Fiabilidad]]></description>
      </category>
      <category name="OPT.CRITERIUM_VALUE.CQM.MAINTAINABILITY" technology="SQL" active="true" weight="10.0">
        <description><![CDATA[Mantenibilidad]]></description>
      </category>
      <category name="OPT.CRITERIUM_VALUE.CQM.PORTABILITY" technology="SQL" active="true" weight="5.0">
        <description><![CDATA[Portabilidad]]></description>
      </category>
      <category name="OPT.CRITERIUM_VALUE.CQM.SECURITY" technology="SQL" active="true" weight="4.0">
        <description><![CDATA[Seguridad]]></description>
      </category>
      <category name="OPT.CRITERIUM_VALUE.CQM.EFFICIENCY" technology="SQL" active="true" weight="8.0">
        <description><![CDATA[Eficiencia]]></description>
      </category>
    </children>
  </category>
  <category name="CPP" technology="CPP" active="true" weight="10.0">
    <description><![CDATA[CPP]]></description>
    <children>
      <category name="OPT.CRITERIUM_VALUE.CQM.RELIABILITY" technology="CPP" active="true" weight="10.0">
        <description><![CDATA[Fiabilidad]]></description>
      </category>
      <category name="OPT.CRITERIUM_VALUE.CQM.EFFICIENCY" technology="CPP" active="true" weight="8.0">
        <description><![CDATA[Eficiencia]]></description>
      </category>
      <category name="OPT.CRITERIUM_VALUE.CQM.PORTABILITY" technology="CPP" active="true" weight="5.0">
        <description><![CDATA[Portabilidad]]></description>
      </category>
      <category name="OPT.CRITERIUM_VALUE.CQM.SECURITY" technology="CPP" active="true" weight="4.0">
        <description><![CDATA[Seguridad]]></description>
      </category>
      <category name="OPT.CRITERIUM_VALUE.CQM.MAINTAINABILITY" technology="CPP" active="true" weight="10.0">
        <description><![CDATA[Mantenibilidad]]></description>
      </category>
    </children>
  </category>
  <category name="PLSQL" technology="PLSQL" active="true" weight="10.0">
    <description><![CDATA[PLSQL]]></description>
    <children>
      <category name="OPT.CRITERIUM_VALUE.CQM.PORTABILITY" technology="PLSQL" active="true" weight="5.0">
        <description><![CDATA[Portabilidad]]></description>
      </category>
      <category name="OPT.CRITERIUM_VALUE.CQM.RELIABILITY" technology="PLSQL" active="true" weight="10.0">
        <description><![CDATA[Fiabilidad]]></description>
      </category>
      <category name="OPT.CRITERIUM_VALUE.CQM.MAINTAINABILITY" technology="PLSQL" active="true" weight="10.0">
        <description><![CDATA[Mantenibilidad]]></description>
      </category>
      <category name="OPT.CRITERIUM_VALUE.CQM.SECURITY" technology="PLSQL" active="true" weight="4.0">
        <description><![CDATA[Seguridad]]></description>
      </category>
      <category name="OPT.CRITERIUM_VALUE.CQM.EFFICIENCY" technology="PLSQL" active="true" weight="8.0">
        <description><![CDATA[Eficiencia]]></description>
      </category>
    </children>
  </category>
  <category name="TRANSACTSQL" technology="TRANSACTSQL" active="true" weight="1.0">
    <description><![CDATA[TRANSACTSQL]]></description>
    <children>
      <category name="OPT.CRITERIUM_VALUE.CQM.MAINTAINABILITY" technology="TRANSACTSQL" active="true" weight="10.0">
        <description><![CDATA[Mantenibilidad]]></description>
      </category>
      <category name="OPT.CRITERIUM_VALUE.CQM.RELIABILITY" technology="TRANSACTSQL" active="true" weight="10.0">
        <description><![CDATA[Fiabilidad]]></description>
      </category>
      <category name="OPT.CRITERIUM_VALUE.CQM.EFFICIENCY" technology="TRANSACTSQL" active="true" weight="8.0">
        <description><![CDATA[Eficiencia]]></description>
      </category>
      <category name="OPT.CRITERIUM_VALUE.CQM.PORTABILITY" technology="TRANSACTSQL" active="true" weight="5.0">
        <description><![CDATA[Portabilidad]]></description>
      </category>
      <category name="OPT.CRITERIUM_VALUE.CQM.SECURITY" technology="TRANSACTSQL" active="true" weight="4.0">
        <description><![CDATA[Seguridad]]></description>
      </category>
    </children>
  </category>
  <category name="GROOVY" technology="GROOVY" active="true" weight="1.0">
    <description><![CDATA[GROOVY]]></description>
    <children>
      <category name="OPT.CRITERIUM_VALUE.CQM.RELIABILITY" technology="GROOVY" active="true" weight="10.0">
        <description><![CDATA[Fiabilidad]]></description>
      </category>
      <category name="OPT.CRITERIUM_VALUE.CQM.SECURITY" technology="GROOVY" active="true" weight="4.0">
        <description><![CDATA[Seguridad]]></description>
      </category>
      <category name="OPT.CRITERIUM_VALUE.CQM.EFFICIENCY" technology="GROOVY" active="true" weight="8.0">
        <description><![CDATA[Eficiencia]]></description>
      </category>
      <category name="OPT.CRITERIUM_VALUE.CQM.MAINTAINABILITY" technology="GROOVY" active="true" weight="10.0">
        <description><![CDATA[Mantenibilidad]]></description>
      </category>
      <category name="OPT.CRITERIUM_VALUE.CQM.PORTABILITY" technology="GROOVY" active="true" weight="5.0">
        <description><![CDATA[Portabilidad]]></description>
      </category>
    </children>
  </category>
  <category name="OBJECTIVEC" technology="OBJECTIVEC" active="true" weight="1.0">
    <description><![CDATA[OBJECTIVEC]]></description>
    <children>
      <category name="OPT.CRITERIUM_VALUE.CQM.SECURITY" technology="OBJECTIVEC" active="true" weight="4.0">
        <description><![CDATA[Seguridad]]></description>
      </category>
      <category name="OPT.CRITERIUM_VALUE.CQM.RELIABILITY" technology="OBJECTIVEC" active="true" weight="10.0">
        <description><![CDATA[Fiabilidad]]></description>
      </category>
      <category name="OPT.CRITERIUM_VALUE.CQM.MAINTAINABILITY" technology="OBJECTIVEC" active="true" weight="10.0">
        <description><![CDATA[Mantenibilidad]]></description>
      </category>
      <category name="OPT.CRITERIUM_VALUE.CQM.EFFICIENCY" technology="OBJECTIVEC" active="true" weight="8.0">
        <description><![CDATA[Eficiencia]]></description>
      </category>
      <category name="OPT.CRITERIUM_VALUE.CQM.PORTABILITY" technology="OBJECTIVEC" active="true" weight="5.0">
        <description><![CDATA[Portabilidad]]></description>
      </category>
    </children>
  </category>
  <category name="JAVA" technology="JAVA" active="true" weight="10.0">
    <description><![CDATA[JAVA]]></description>
    <children>
      <category name="OPT.CRITERIUM_VALUE.CQM.PORTABILITY" technology="JAVA" active="true" weight="5.0">
        <description><![CDATA[Portabilidad]]></description>
      </category>
      <category name="OPT.CRITERIUM_VALUE.CQM.MAINTAINABILITY" technology="JAVA" active="true" weight="10.0">
        <description><![CDATA[Mantenibilidad]]></description>
      </category>
      <category name="OPT.CRITERIUM_VALUE.CQM.RELIABILITY" technology="JAVA" active="true" weight="10.0">
        <description><![CDATA[Fiabilidad]]></description>
      </category>
      <category name="OPT.CRITERIUM_VALUE.CQM.SECURITY" technology="JAVA" active="true" weight="4.0">
        <description><![CDATA[Seguridad]]></description>
      </category>
      <category name="OPT.CRITERIUM_VALUE.CQM.EFFICIENCY" technology="JAVA" active="true" weight="8.0">
        <description><![CDATA[Eficiencia]]></description>
      </category>
    </children>
  </category>
  <category name="ABAP" technology="ABAP" active="true" weight="10.0">
    <description><![CDATA[ABAP]]></description>
    <children>
      <category name="OPT.CRITERIUM_VALUE.CQM.RELIABILITY" technology="ABAP" active="true" weight="10.0">
        <description><![CDATA[Fiabilidad]]></description>
      </category>
      <category name="OPT.CRITERIUM_VALUE.CQM.MAINTAINABILITY" technology="ABAP" active="true" weight="10.0">
        <description><![CDATA[Mantenibilidad]]></description>
      </category>
      <category name="OPT.CRITERIUM_VALUE.CQM.SECURITY" technology="ABAP" active="true" weight="4.0">
        <description><![CDATA[Seguridad]]></description>
      </category>
      <category name="OPT.CRITERIUM_VALUE.CQM.PORTABILITY" technology="ABAP" active="true" weight="5.0">
        <description><![CDATA[Portabilidad]]></description>
      </category>
      <category name="OPT.CRITERIUM_VALUE.CQM.EFFICIENCY" technology="ABAP" active="true" weight="8.0">
        <description><![CDATA[Eficiencia]]></description>
      </category>
    </children>
  </category>
  <category name="RPG4" technology="RPG4" active="true" weight="1.0">
    <description><![CDATA[RPG4]]></description>
    <children>
      <category name="OPT.CRITERIUM_VALUE.CQM.RELIABILITY" technology="RPG4" active="true" weight="10.0">
        <description><![CDATA[Fiabilidad]]></description>
      </category>
      <category name="OPT.CRITERIUM_VALUE.CQM.MAINTAINABILITY" technology="RPG4" active="true" weight="10.0">
        <description><![CDATA[Mantenibilidad]]></description>
      </category>
      <category name="OPT.CRITERIUM_VALUE.CQM.SECURITY" technology="RPG4" active="true" weight="4.0">
        <description><![CDATA[Seguridad]]></description>
      </category>
      <category name="OPT.CRITERIUM_VALUE.CQM.EFFICIENCY" technology="RPG4" active="true" weight="8.0">
        <description><![CDATA[Eficiencia]]></description>
      </category>
      <category name="OPT.CRITERIUM_VALUE.CQM.PORTABILITY" technology="RPG4" active="true" weight="5.0">
        <description><![CDATA[Portabilidad]]></description>
      </category>
    </children>
  </category>
  <category name="INFORMIX" technology="INFORMIX" active="true" weight="1.0">
    <description><![CDATA[INFORMIX]]></description>
    <children>
      <category name="OPT.CRITERIUM_VALUE.CQM.SECURITY" technology="INFORMIX" active="true" weight="4.0">
        <description><![CDATA[Seguridad]]></description>
      </category>
      <category name="OPT.CRITERIUM_VALUE.CQM.EFFICIENCY" technology="INFORMIX" active="true" weight="8.0">
        <description><![CDATA[Eficiencia]]></description>
      </category>
      <category name="OPT.CRITERIUM_VALUE.CQM.MAINTAINABILITY" technology="INFORMIX" active="true" weight="10.0">
        <description><![CDATA[Mantenibilidad]]></description>
      </category>
      <category name="OPT.CRITERIUM_VALUE.CQM.RELIABILITY" technology="INFORMIX" active="true" weight="10.0">
        <description><![CDATA[Fiabilidad]]></description>
      </category>
      <category name="OPT.CRITERIUM_VALUE.CQM.PORTABILITY" technology="INFORMIX" active="true" weight="5.0">
        <description><![CDATA[Portabilidad]]></description>
      </category>
    </children>
  </category>
  <category name="SWIFT" technology="SWIFT" active="true" weight="1.0">
    <description><![CDATA[SWIFT]]></description>
    <children>
      <category name="OPT.CRITERIUM_VALUE.CQM.EFFICIENCY" technology="SWIFT" active="true" weight="8.0">
        <description><![CDATA[Eficiencia]]></description>
      </category>
      <category name="OPT.CRITERIUM_VALUE.CQM.SECURITY" technology="SWIFT" active="true" weight="4.0">
        <description><![CDATA[Seguridad]]></description>
      </category>
      <category name="OPT.CRITERIUM_VALUE.CQM.PORTABILITY" technology="SWIFT" active="true" weight="5.0">
        <description><![CDATA[Portabilidad]]></description>
      </category>
      <category name="OPT.CRITERIUM_VALUE.CQM.MAINTAINABILITY" technology="SWIFT" active="true" weight="10.0">
        <description><![CDATA[Mantenibilidad]]></description>
      </category>
      <category name="OPT.CRITERIUM_VALUE.CQM.RELIABILITY" technology="SWIFT" active="true" weight="10.0">
        <description><![CDATA[Fiabilidad]]></description>
      </category>
    </children>
  </category>
  <category name="PHP" technology="PHP" active="true" weight="10.0">
    <description><![CDATA[PHP]]></description>
    <children>
      <category name="OPT.CRITERIUM_VALUE.CQM.EFFICIENCY" technology="PHP" active="true" weight="8.0">
        <description><![CDATA[Eficiencia]]></description>
      </category>
      <category name="OPT.CRITERIUM_VALUE.CQM.MAINTAINABILITY" technology="PHP" active="true" weight="10.0">
        <description><![CDATA[Mantenibilidad]]></description>
      </category>
      <category name="OPT.CRITERIUM_VALUE.CQM.RELIABILITY" technology="PHP" active="true" weight="10.0">
        <description><![CDATA[Fiabilidad]]></description>
      </category>
      <category name="OPT.CRITERIUM_VALUE.CQM.SECURITY" technology="PHP" active="true" weight="4.0">
        <description><![CDATA[Seguridad]]></description>
      </category>
      <category name="OPT.CRITERIUM_VALUE.CQM.PORTABILITY" technology="PHP" active="true" weight="5.0">
        <description><![CDATA[Portabilidad]]></description>
      </category>
    </children>
  </category>
  <category name="XML" technology="XML" active="true" weight="1.0">
    <description><![CDATA[XML]]></description>
    <children>
      <category name="OPT.CRITERIUM_VALUE.CQM.PORTABILITY" technology="XML" active="true" weight="5.0">
        <description><![CDATA[Portabilidad]]></description>
      </category>
      <category name="OPT.CRITERIUM_VALUE.CQM.EFFICIENCY" technology="XML" active="true" weight="8.0">
        <description><![CDATA[Eficiencia]]></description>
      </category>
      <category name="OPT.CRITERIUM_VALUE.CQM.SECURITY" technology="XML" active="true" weight="4.0">
        <description><![CDATA[Seguridad]]></description>
      </category>
      <category name="OPT.CRITERIUM_VALUE.CQM.RELIABILITY" technology="XML" active="true" weight="10.0">
        <description><![CDATA[Fiabilidad]]></description>
      </category>
      <category name="OPT.CRITERIUM_VALUE.CQM.MAINTAINABILITY" technology="XML" active="true" weight="10.0">
        <description><![CDATA[Mantenibilidad]]></description>
      </category>
    </children>
  </category>
  <category name="C" technology="C" active="true" weight="10.0">
    <description><![CDATA[C]]></description>
    <children>
      <category name="OPT.CRITERIUM_VALUE.CQM.EFFICIENCY" technology="C" active="true" weight="8.0">
        <description><![CDATA[Eficiencia]]></description>
      </category>
      <category name="OPT.CRITERIUM_VALUE.CQM.SECURITY" technology="C" active="true" weight="4.0">
        <description><![CDATA[Seguridad]]></description>
      </category>
      <category name="OPT.CRITERIUM_VALUE.CQM.RELIABILITY" technology="C" active="true" weight="10.0">
        <description><![CDATA[Fiabilidad]]></description>
      </category>
      <category name="OPT.CRITERIUM_VALUE.CQM.MAINTAINABILITY" technology="C" active="true" weight="10.0">
        <description><![CDATA[Mantenibilidad]]></description>
      </category>
      <category name="OPT.CRITERIUM_VALUE.CQM.PORTABILITY" technology="C" active="true" weight="5.0">
        <description><![CDATA[Portabilidad]]></description>
      </category>
    </children>
  </category>
  <category name="NATURAL" technology="NATURAL" active="true" weight="1.0">
    <description><![CDATA[NATURAL]]></description>
    <children>
      <category name="OPT.CRITERIUM_VALUE.CQM.EFFICIENCY" technology="NATURAL" active="true" weight="8.0">
        <description><![CDATA[Eficiencia]]></description>
      </category>
      <category name="OPT.CRITERIUM_VALUE.CQM.RELIABILITY" technology="NATURAL" active="true" weight="10.0">
        <description><![CDATA[Fiabilidad]]></description>
      </category>
      <category name="OPT.CRITERIUM_VALUE.CQM.PORTABILITY" technology="NATURAL" active="true" weight="5.0">
        <description><![CDATA[Portabilidad]]></description>
      </category>
      <category name="OPT.CRITERIUM_VALUE.CQM.SECURITY" technology="NATURAL" active="true" weight="4.0">
        <description><![CDATA[Seguridad]]></description>
      </category>
      <category name="OPT.CRITERIUM_VALUE.CQM.MAINTAINABILITY" technology="NATURAL" active="true" weight="10.0">
        <description><![CDATA[Mantenibilidad]]></description>
      </category>
    </children>
  </category>
  <category name="ACTIONSCRIPT" technology="ACTIONSCRIPT" active="true" weight="1.0">
    <description><![CDATA[ACTIONSCRIPT]]></description>
    <children>
      <category name="OPT.CRITERIUM_VALUE.CQM.MAINTAINABILITY" technology="ACTIONSCRIPT" active="true" weight="10.0">
        <description><![CDATA[Mantenibilidad]]></description>
      </category>
      <category name="OPT.CRITERIUM_VALUE.CQM.SECURITY" technology="ACTIONSCRIPT" active="true" weight="4.0">
        <description><![CDATA[Seguridad]]></description>
      </category>
      <category name="OPT.CRITERIUM_VALUE.CQM.PORTABILITY" technology="ACTIONSCRIPT" active="true" weight="5.0">
        <description><![CDATA[Portabilidad]]></description>
      </category>
      <category name="OPT.CRITERIUM_VALUE.CQM.EFFICIENCY" technology="ACTIONSCRIPT" active="true" weight="8.0">
        <description><![CDATA[Eficiencia]]></description>
      </category>
      <category name="OPT.CRITERIUM_VALUE.CQM.RELIABILITY" technology="ACTIONSCRIPT" active="true" weight="10.0">
        <description><![CDATA[Fiabilidad]]></description>
      </category>
    </children>
  </category>
  <category name="HIBERNATE" technology="HIBERNATE" active="true" weight="1.0">
    <description><![CDATA[HIBERNATE]]></description>
    <children>
      <category name="OPT.CRITERIUM_VALUE.HIBERNATE.CATEGORY.DEPLOYMENT" technology="HIBERNATE" active="true" weight="1.0">
        <description><![CDATA[Despliegue]]></description>
      </category>
      <category name="OPT.CRITERIUM_VALUE.HIBERNATE.CATEGORY.EQUALS_HASHCODE" technology="HIBERNATE" active="true" weight="1.0">
        <description><![CDATA[equals / hashCode]]></description>
      </category>
      <category name="OPT.CRITERIUM_VALUE.HIBERNATE.CATEGORY.FORBIDDEN_API" technology="HIBERNATE" active="true" weight="1.0">
        <description><![CDATA[API prohibida]]></description>
      </category>
      <category name="OPT.CRITERIUM_VALUE.HIBERNATE.CATEGORY.NATIVE_SQL" technology="HIBERNATE" active="true" weight="1.0">
        <description><![CDATA[SQL nativo]]></description>
      </category>
      <category name="OPT.CRITERIUM_VALUE.HIBERNATE.CATEGORY.HQL" technology="HIBERNATE" active="true" weight="1.0">
        <description><![CDATA[HQL]]></description>
      </category>
      <category name="OPT.CRITERIUM_VALUE.HIBERNATE.CATEGORY.SQL_INJECTION" technology="HIBERNATE" active="true" weight="1.0">
        <description><![CDATA[Inyección SQL]]></description>
      </category>
      <category name="OPT.CRITERIUM_VALUE.HIBERNATE.CATEGORY.SESSION" technology="HIBERNATE" active="true" weight="1.0">
        <description><![CDATA[Sesión]]></description>
      </category>
      <category name="OPT.CRITERIUM_VALUE.HIBERNATE.CATEGORY.POTENTIAL_BUG" technology="HIBERNATE" active="true" weight="1.0">
        <description><![CDATA[Error potencial]]></description>
      </category>
      <category name="OPT.CRITERIUM_VALUE.HIBERNATE.CATEGORY.DATA_INTEGRITY" technology="HIBERNATE" active="true" weight="1.0">
        <description><![CDATA[Integridad de datos]]></description>
      </category>
      <category name="OPT.CRITERIUM_VALUE.HIBERNATE.CATEGORY.JPA" technology="HIBERNATE" active="true" weight="1.0">
        <description><![CDATA[JPA]]></description>
      </category>
      <category name="OPT.CRITERIUM_VALUE.HIBERNATE.CATEGORY.REUSE" technology="HIBERNATE" active="true" weight="1.0">
        <description><![CDATA[Reutilización]]></description>
      </category>
      <category name="OPT.CRITERIUM_VALUE.HIBERNATE.CATEGORY.TRANSACTION" technology="HIBERNATE" active="true" weight="1.0">
        <description><![CDATA[Transacción]]></description>
      </category>
      <category name="OPT.CRITERIUM_VALUE.HIBERNATE.CATEGORY.FETCH" technology="HIBERNATE" active="true" weight="1.0">
        <description><![CDATA[Fetch]]></description>
      </category>
      <category name="OPT.CRITERIUM_VALUE.HIBERNATE.CATEGORY.DESIGN" technology="HIBERNATE" active="true" weight="1.0">
        <description><![CDATA[Diseño]]></description>
      </category>
    </children>
  </category>
  <category name="POWERSCRIPT" technology="POWERSCRIPT" active="true" weight="1.0">
    <description><![CDATA[POWERSCRIPT]]></description>
    <children>
      <category name="OPT.CRITERIUM_VALUE.CQM.PORTABILITY" technology="POWERSCRIPT" active="true" weight="5.0">
        <description><![CDATA[Portabilidad]]></description>
      </category>
      <category name="OPT.CRITERIUM_VALUE.CQM.EFFICIENCY" technology="POWERSCRIPT" active="true" weight="8.0">
        <description><![CDATA[Eficiencia]]></description>
      </category>
      <category name="OPT.CRITERIUM_VALUE.CQM.RELIABILITY" technology="POWERSCRIPT" active="true" weight="10.0">
        <description><![CDATA[Fiabilidad]]></description>
      </category>
      <category name="OPT.CRITERIUM_VALUE.CQM.MAINTAINABILITY" technology="POWERSCRIPT" active="true" weight="10.0">
        <description><![CDATA[Mantenibilidad]]></description>
      </category>
      <category name="OPT.CRITERIUM_VALUE.CQM.SECURITY" technology="POWERSCRIPT" active="true" weight="4.0">
        <description><![CDATA[Seguridad]]></description>
      </category>
    </children>
  </category>
  <category name="ORACLEFORMS" technology="ORACLEFORMS" active="true" weight="1.0">
    <description><![CDATA[ORACLEFORMS]]></description>
    <children>
      <category name="OPT.CRITERIUM_VALUE.CQM.RELIABILITY" technology="ORACLEFORMS" active="true" weight="10.0">
        <description><![CDATA[Fiabilidad]]></description>
      </category>
      <category name="OPT.CRITERIUM_VALUE.CQM.SECURITY" technology="ORACLEFORMS" active="true" weight="4.0">
        <description><![CDATA[Seguridad]]></description>
      </category>
      <category name="OPT.CRITERIUM_VALUE.CQM.EFFICIENCY" technology="ORACLEFORMS" active="true" weight="8.0">
        <description><![CDATA[Eficiencia]]></description>
      </category>
      <category name="OPT.CRITERIUM_VALUE.CQM.MAINTAINABILITY" technology="ORACLEFORMS" active="true" weight="10.0">
        <description><![CDATA[Mantenibilidad]]></description>
      </category>
      <category name="OPT.CRITERIUM_VALUE.CQM.PORTABILITY" technology="ORACLEFORMS" active="true" weight="5.0">
        <description><![CDATA[Portabilidad]]></description>
      </category>
    </children>
  </category>
  <category name="JCL" technology="JCL" active="true" weight="1.0">
    <description><![CDATA[JCL]]></description>
    <children>
      <category name="OPT.CRITERIUM_VALUE.CQM.EFFICIENCY" technology="JCL" active="true" weight="8.0">
        <description><![CDATA[Eficiencia]]></description>
      </category>
      <category name="OPT.CRITERIUM_VALUE.CQM.RELIABILITY" technology="JCL" active="true" weight="10.0">
        <description><![CDATA[Fiabilidad]]></description>
      </category>
      <category name="OPT.CRITERIUM_VALUE.CQM.SECURITY" technology="JCL" active="true" weight="4.0">
        <description><![CDATA[Seguridad]]></description>
      </category>
      <category name="OPT.CRITERIUM_VALUE.CQM.MAINTAINABILITY" technology="JCL" active="true" weight="10.0">
        <description><![CDATA[Mantenibilidad]]></description>
      </category>
      <category name="OPT.CRITERIUM_VALUE.CQM.PORTABILITY" technology="JCL" active="true" weight="5.0">
        <description><![CDATA[Portabilidad]]></description>
      </category>
    </children>
  </category>
  <category name="PYTHON" technology="PYTHON" active="true" weight="1.0">
    <description><![CDATA[PYTHON]]></description>
    <children>
      <category name="OPT.CRITERIUM_VALUE.CQM.PORTABILITY" technology="PYTHON" active="true" weight="5.0">
        <description><![CDATA[Portabilidad]]></description>
      </category>
      <category name="OPT.CRITERIUM_VALUE.CQM.SECURITY" technology="PYTHON" active="true" weight="4.0">
        <description><![CDATA[Seguridad]]></description>
      </category>
      <category name="OPT.CRITERIUM_VALUE.CQM.MAINTAINABILITY" technology="PYTHON" active="true" weight="10.0">
        <description><![CDATA[Mantenibilidad]]></description>
      </category>
      <category name="OPT.CRITERIUM_VALUE.CQM.RELIABILITY" technology="PYTHON" active="true" weight="10.0">
        <description><![CDATA[Fiabilidad]]></description>
      </category>
      <category name="OPT.CRITERIUM_VALUE.CQM.EFFICIENCY" technology="PYTHON" active="true" weight="8.0">
        <description><![CDATA[Eficiencia]]></description>
      </category>
    </children>
  </category>
  <category name="BYTECODE" technology="BYTECODE" active="true" weight="1.0">
    <description><![CDATA[BYTECODE]]></description>
    <children>
      <category name="OPT.CRITERIUM_VALUE.MISC_CATEGORY.DESIGN" technology="BYTECODE" active="true" weight="1.0">
        <description><![CDATA[Diseño]]></description>
      </category>
      <category name="OPT.CRITERIUM_VALUE.MISC_CATEGORY.GENERAL" technology="BYTECODE" active="true" weight="1.0">
        <description><![CDATA[General]]></description>
      </category>
      <category name="OPT.CRITERIUM_VALUE.MISC_CATEGORY.FORMAT" technology="BYTECODE" active="true" weight="1.0">
        <description><![CDATA[Formato]]></description>
      </category>
      <category name="OPT.CRITERIUM_VALUE.MISC_CATEGORY.DATABASE" technology="BYTECODE" active="true" weight="1.0">
        <description><![CDATA[Base de datos]]></description>
      </category>
      <category name="OPT.CRITERIUM_VALUE.MISC_CATEGORY.POSSIBLE_BUGS" technology="BYTECODE" active="true" weight="1.0">
        <description><![CDATA[Errores posibles]]></description>
      </category>
      <category name="OPT.CRITERIUM_VALUE.MISC_CATEGORY.STYLE" technology="BYTECODE" active="true" weight="1.0">
        <description><![CDATA[Estilo]]></description>
      </category>
      <category name="OPT.CRITERIUM_VALUE.MISC_CATEGORY.PERFORMANCE" technology="BYTECODE" active="true" weight="1.0">
        <description><![CDATA[Rendimiento]]></description>
      </category>
      <category name="OPT.CRITERIUM_VALUE.MISC_CATEGORY.MAINTAINABILITY" technology="BYTECODE" active="true" weight="1.0">
        <description><![CDATA[Mantenibilidad]]></description>
      </category>
      <category name="OPT.CRITERIUM_VALUE.MISC_CATEGORY.ERROR_HANDLING" technology="BYTECODE" active="true" weight="1.0">
        <description><![CDATA[Manejo de errores]]></description>
      </category>
      <category name="OPT.CRITERIUM_VALUE.MISC_CATEGORY.NAMING" technology="BYTECODE" active="true" weight="1.0">
        <description><![CDATA[Nombrado]]></description>
      </category>
      <category name="OPT.CRITERIUM_VALUE.MISC_CATEGORY.DOCUMENTATION" technology="BYTECODE" active="true" weight="1.0">
        <description><![CDATA[Documentación]]></description>
      </category>
      <category name="OPT.CRITERIUM_VALUE.MISC_CATEGORY.SECURITY" technology="BYTECODE" active="true" weight="1.0">
        <description><![CDATA[Seguridad]]></description>
      </category>
      <category name="OPT.CRITERIUM_VALUE.MISC_CATEGORY.PORTABILITY" technology="BYTECODE" active="true" weight="1.0">
        <description><![CDATA[Portabilidad]]></description>
      </category>
    </children>
  </category>
  <category name="JAVASCRIPT" technology="JAVASCRIPT" active="true" weight="5.0">
    <description><![CDATA[JAVASCRIPT]]></description>
    <children>
      <category name="OPT.CRITERIUM_VALUE.CQM.RELIABILITY" technology="JAVASCRIPT" active="true" weight="10.0">
        <description><![CDATA[Fiabilidad]]></description>
      </category>
      <category name="OPT.CRITERIUM_VALUE.CQM.SECURITY" technology="JAVASCRIPT" active="true" weight="4.0">
        <description><![CDATA[Seguridad]]></description>
      </category>
      <category name="OPT.CRITERIUM_VALUE.CQM.EFFICIENCY" technology="JAVASCRIPT" active="true" weight="8.0">
        <description><![CDATA[Eficiencia]]></description>
      </category>
      <category name="OPT.CRITERIUM_VALUE.CQM.MAINTAINABILITY" technology="JAVASCRIPT" active="true" weight="10.0">
        <description><![CDATA[Mantenibilidad]]></description>
      </category>
      <category name="OPT.CRITERIUM_VALUE.CQM.PORTABILITY" technology="JAVASCRIPT" active="true" weight="5.0">
        <description><![CDATA[Portabilidad]]></description>
      </category>
    </children>
  </category>
  <category name="ASP" technology="ASP" active="true" weight="1.0">
    <description><![CDATA[ASP]]></description>
    <children>
      <category name="OPT.CRITERIUM_VALUE.CQM.EFFICIENCY" technology="ASP" active="true" weight="8.0">
        <description><![CDATA[Eficiencia]]></description>
      </category>
      <category name="OPT.CRITERIUM_VALUE.CQM.RELIABILITY" technology="ASP" active="true" weight="10.0">
        <description><![CDATA[Fiabilidad]]></description>
      </category>
      <category name="OPT.CRITERIUM_VALUE.CQM.SECURITY" technology="ASP" active="true" weight="4.0">
        <description><![CDATA[Seguridad]]></description>
      </category>
      <category name="OPT.CRITERIUM_VALUE.CQM.MAINTAINABILITY" technology="ASP" active="true" weight="10.0">
        <description><![CDATA[Mantenibilidad]]></description>
      </category>
      <category name="OPT.CRITERIUM_VALUE.CQM.PORTABILITY" technology="ASP" active="true" weight="5.0">
        <description><![CDATA[Portabilidad]]></description>
      </category>
    </children>
  </category>
  <category name="SQLSCRIPT" technology="SQLSCRIPT" active="true" weight="1.0">
    <description><![CDATA[SQLSCRIPT]]></description>
    <children>
      <category name="OPT.CRITERIUM_VALUE.CQM.MAINTAINABILITY" technology="SQLSCRIPT" active="true" weight="10.0">
        <description><![CDATA[Mantenibilidad]]></description>
      </category>
      <category name="OPT.CRITERIUM_VALUE.CQM.RELIABILITY" technology="SQLSCRIPT" active="true" weight="10.0">
        <description><![CDATA[Fiabilidad]]></description>
      </category>
      <category name="OPT.CRITERIUM_VALUE.CQM.PORTABILITY" technology="SQLSCRIPT" active="true" weight="5.0">
        <description><![CDATA[Portabilidad]]></description>
      </category>
      <category name="OPT.CRITERIUM_VALUE.CQM.EFFICIENCY" technology="SQLSCRIPT" active="true" weight="8.0">
        <description><![CDATA[Eficiencia]]></description>
      </category>
      <category name="OPT.CRITERIUM_VALUE.CQM.SECURITY" technology="SQLSCRIPT" active="true" weight="4.0">
        <description><![CDATA[Seguridad]]></description>
      </category>
    </children>
  </category>
  <category name="FOXPRO" technology="FOXPRO" active="true" weight="1.0">
    <description><![CDATA[FOXPRO]]></description>
    <children>
      <category name="OPT.CRITERIUM_VALUE.CQM.RELIABILITY" technology="FOXPRO" active="true" weight="10.0">
        <description><![CDATA[Fiabilidad]]></description>
      </category>
      <category name="OPT.CRITERIUM_VALUE.CQM.MAINTAINABILITY" technology="FOXPRO" active="true" weight="10.0">
        <description><![CDATA[Mantenibilidad]]></description>
      </category>
      <category name="OPT.CRITERIUM_VALUE.CQM.EFFICIENCY" technology="FOXPRO" active="true" weight="8.0">
        <description><![CDATA[Eficiencia]]></description>
      </category>
      <category name="OPT.CRITERIUM_VALUE.CQM.SECURITY" technology="FOXPRO" active="true" weight="4.0">
        <description><![CDATA[Seguridad]]></description>
      </category>
      <category name="OPT.CRITERIUM_VALUE.CQM.PORTABILITY" technology="FOXPRO" active="true" weight="5.0">
        <description><![CDATA[Portabilidad]]></description>
      </category>
    </children>
  </category>
  <category name="VBNET" technology="VBNET" active="true" weight="10.0">
    <description><![CDATA[VBNET]]></description>
    <children>
      <category name="OPT.CRITERIUM_VALUE.CQM.EFFICIENCY" technology="VBNET" active="true" weight="8.0">
        <description><![CDATA[Eficiencia]]></description>
      </category>
      <category name="OPT.CRITERIUM_VALUE.CQM.RELIABILITY" technology="VBNET" active="true" weight="10.0">
        <description><![CDATA[Fiabilidad]]></description>
      </category>
      <category name="OPT.CRITERIUM_VALUE.CQM.SECURITY" technology="VBNET" active="true" weight="4.0">
        <description><![CDATA[Seguridad]]></description>
      </category>
      <category name="OPT.CRITERIUM_VALUE.CQM.PORTABILITY" technology="VBNET" active="true" weight="5.0">
        <description><![CDATA[Portabilidad]]></description>
      </category>
      <category name="OPT.CRITERIUM_VALUE.CQM.MAINTAINABILITY" technology="VBNET" active="true" weight="10.0">
        <description><![CDATA[Mantenibilidad]]></description>
      </category>
    </children>
  </category>
  <category name="COBOL" technology="COBOL" active="true" weight="10.0">
    <description><![CDATA[COBOL]]></description>
    <children>
      <category name="OPT.CRITERIUM_VALUE.CQM.MAINTAINABILITY" technology="COBOL" active="true" weight="10.0">
        <description><![CDATA[Mantenibilidad]]></description>
      </category>
      <category name="OPT.CRITERIUM_VALUE.CQM.SECURITY" technology="COBOL" active="true" weight="4.0">
        <description><![CDATA[Seguridad]]></description>
      </category>
      <category name="OPT.CRITERIUM_VALUE.CQM.EFFICIENCY" technology="COBOL" active="true" weight="8.0">
        <description><![CDATA[Eficiencia]]></description>
      </category>
      <category name="OPT.CRITERIUM_VALUE.CQM.RELIABILITY" technology="COBOL" active="true" weight="10.0">
        <description><![CDATA[Fiabilidad]]></description>
      </category>
      <category name="OPT.CRITERIUM_VALUE.CQM.PORTABILITY" technology="COBOL" active="true" weight="5.0">
        <description><![CDATA[Portabilidad]]></description>
      </category>
    </children>
  </category>
  <category name="JSP" technology="JSP" active="true" weight="1.0">
    <description><![CDATA[JSP]]></description>
    <children>
      <category name="OPT.CRITERIUM_VALUE.CQM.SECURITY" technology="JSP" active="true" weight="4.0">
        <description><![CDATA[Seguridad]]></description>
      </category>
      <category name="OPT.CRITERIUM_VALUE.CQM.RELIABILITY" technology="JSP" active="true" weight="10.0">
        <description><![CDATA[Fiabilidad]]></description>
      </category>
      <category name="OPT.CRITERIUM_VALUE.CQM.PORTABILITY" technology="JSP" active="true" weight="5.0">
        <description><![CDATA[Portabilidad]]></description>
      </category>
      <category name="OPT.CRITERIUM_VALUE.CQM.EFFICIENCY" technology="JSP" active="true" weight="8.0">
        <description><![CDATA[Eficiencia]]></description>
      </category>
      <category name="OPT.CRITERIUM_VALUE.CQM.MAINTAINABILITY" technology="JSP" active="true" weight="10.0">
        <description><![CDATA[Mantenibilidad]]></description>
      </category>
    </children>
  </category>
  <category name="ASPNET" technology="ASPNET" active="true" weight="1.0">
    <description><![CDATA[ASPNET]]></description>
    <children>
      <category name="OPT.CRITERIUM_VALUE.CQM.EFFICIENCY" technology="ASPNET" active="true" weight="8.0">
        <description><![CDATA[Eficiencia]]></description>
      </category>
      <category name="OPT.CRITERIUM_VALUE.CQM.MAINTAINABILITY" technology="ASPNET" active="true" weight="10.0">
        <description><![CDATA[Mantenibilidad]]></description>
      </category>
      <category name="OPT.CRITERIUM_VALUE.CQM.PORTABILITY" technology="ASPNET" active="true" weight="5.0">
        <description><![CDATA[Portabilidad]]></description>
      </category>
      <category name="OPT.CRITERIUM_VALUE.CQM.SECURITY" technology="ASPNET" active="true" weight="4.0">
        <description><![CDATA[Seguridad]]></description>
      </category>
      <category name="OPT.CRITERIUM_VALUE.CQM.RELIABILITY" technology="ASPNET" active="true" weight="10.0">
        <description><![CDATA[Fiabilidad]]></description>
      </category>
    </children>
  </category>
  <category name="CSHARP" technology="CSHARP" active="true" weight="10.0">
    <description><![CDATA[CSHARP]]></description>
    <children>
      <category name="OPT.CRITERIUM_VALUE.CQM.RELIABILITY" technology="CSHARP" active="true" weight="10.0">
        <description><![CDATA[Fiabilidad]]></description>
      </category>
      <category name="OPT.CRITERIUM_VALUE.CQM.MAINTAINABILITY" technology="CSHARP" active="true" weight="10.0">
        <description><![CDATA[Mantenibilidad]]></description>
      </category>
      <category name="OPT.CRITERIUM_VALUE.CQM.SECURITY" technology="CSHARP" active="true" weight="4.0">
        <description><![CDATA[Seguridad]]></description>
      </category>
      <category name="OPT.CRITERIUM_VALUE.CQM.PORTABILITY" technology="CSHARP" active="true" weight="5.0">
        <description><![CDATA[Portabilidad]]></description>
      </category>
      <category name="OPT.CRITERIUM_VALUE.CQM.EFFICIENCY" technology="CSHARP" active="true" weight="8.0">
        <description><![CDATA[Eficiencia]]></description>
      </category>
    </children>
  </category>
  <category name="VB6" technology="VB6" active="true" weight="1.0">
    <description><![CDATA[VB6]]></description>
    <children>
      <category name="OPT.CRITERIUM_VALUE.CQM.MAINTAINABILITY" technology="VB6" active="true" weight="10.0">
        <description><![CDATA[Mantenibilidad]]></description>
      </category>
      <category name="OPT.CRITERIUM_VALUE.CQM.RELIABILITY" technology="VB6" active="true" weight="10.0">
        <description><![CDATA[Fiabilidad]]></description>
      </category>
      <category name="OPT.CRITERIUM_VALUE.CQM.EFFICIENCY" technology="VB6" active="true" weight="8.0">
        <description><![CDATA[Eficiencia]]></description>
      </category>
      <category name="OPT.CRITERIUM_VALUE.CQM.SECURITY" technology="VB6" active="true" weight="4.0">
        <description><![CDATA[Seguridad]]></description>
      </category>
      <category name="OPT.CRITERIUM_VALUE.CQM.PORTABILITY" technology="VB6" active="true" weight="5.0">
        <description><![CDATA[Portabilidad]]></description>
      </category>
    </children>
  </category>
</categories>
